{
  "Отримати героя за id " : {
    "transaction" : "Отримати героя за id ",
    "sampleCount" : 2000,
    "errorCount" : 0,
    "errorPct" : 0.0,
    "meanResTime" : 289.21949999999964,
    "medianResTime" : 139.5,
    "minResTime" : 0.0,
    "maxResTime" : 4384.0,
    "pct1ResTime" : 733.0,
    "pct2ResTime" : 1363.8499999999995,
    "pct3ResTime" : 1953.97,
    "throughput" : 140.72614691809738,
    "receivedKBytesPerSec" : 36.55581550802139,
    "sentKBytesPerSec" : 17.865624120461582
  },
  "Total" : {
    "transaction" : "Total",
    "sampleCount" : 10000,
    "errorCount" : 53,
    "errorPct" : 0.53,
    "meanResTime" : 341.0028000000014,
    "medianResTime" : 118.0,
    "minResTime" : 0.0,
    "maxResTime" : 5195.0,
    "pct1ResTime" : 986.8999999999996,
    "pct2ResTime" : 1592.7999999999956,
    "pct3ResTime" : 3274.0,
    "throughput" : 650.6180871828236,
    "receivedKBytesPerSec" : 577.7262422739102,
    "sentKBytesPerSec" : 118.93552781392323
  },
  "Створити героя " : {
    "transaction" : "Створити героя ",
    "sampleCount" : 2000,
    "errorCount" : 14,
    "errorPct" : 0.7,
    "meanResTime" : 419.76400000000007,
    "medianResTime" : 187.5,
    "minResTime" : 0.0,
    "maxResTime" : 5016.0,
    "pct1ResTime" : 1087.5000000000005,
    "pct2ResTime" : 1801.8999999999996,
    "pct3ResTime" : 3319.84,
    "throughput" : 144.6236170366621,
    "receivedKBytesPerSec" : 39.293841293658254,
    "sentKBytesPerSec" : 33.09790566924578
  },
  "Видалити героя" : {
    "transaction" : "Видалити героя",
    "sampleCount" : 2000,
    "errorCount" : 15,
    "errorPct" : 0.75,
    "meanResTime" : 311.13550000000004,
    "medianResTime" : 34.0,
    "minResTime" : 0.0,
    "maxResTime" : 4452.0,
    "pct1ResTime" : 1128.4000000000015,
    "pct2ResTime" : 1775.9499999999998,
    "pct3ResTime" : 3347.8100000000004,
    "throughput" : 147.1237310578196,
    "receivedKBytesPerSec" : 38.13291939458585,
    "sentKBytesPerSec" : 30.80115767985876
  },
  "Змінити героя" : {
    "transaction" : "Змінити героя",
    "sampleCount" : 2000,
    "errorCount" : 24,
    "errorPct" : 1.2,
    "meanResTime" : 337.1509999999999,
    "medianResTime" : 60.0,
    "minResTime" : 0.0,
    "maxResTime" : 5195.0,
    "pct1ResTime" : 1169.8000000000002,
    "pct2ResTime" : 1801.0,
    "pct3ResTime" : 3326.6000000000004,
    "throughput" : 147.1237310578196,
    "receivedKBytesPerSec" : 41.338320214800646,
    "sentKBytesPerSec" : 32.790776261586
  },
  "Отриати всіх героїв " : {
    "transaction" : "Отриати всіх героїв ",
    "sampleCount" : 2000,
    "errorCount" : 0,
    "errorPct" : 0.0,
    "meanResTime" : 347.74399999999935,
    "medianResTime" : 183.0,
    "minResTime" : 0.0,
    "maxResTime" : 4326.0,
    "pct1ResTime" : 947.2000000000007,
    "pct2ResTime" : 1367.0,
    "pct3ResTime" : 2014.97,
    "throughput" : 130.3016483158512,
    "receivedKBytesPerSec" : 438.8816555638804,
    "sentKBytesPerSec" : 16.414953742914847
  }
}