{
  "Отримати героя за id " : {
    "transaction" : "Отримати героя за id ",
    "sampleCount" : 100,
    "errorCount" : 0,
    "errorPct" : 0.0,
    "meanResTime" : 480.03000000000003,
    "medianResTime" : 454.0,
    "minResTime" : 315.0,
    "maxResTime" : 593.0,
    "pct1ResTime" : 558.0,
    "pct2ResTime" : 571.6499999999999,
    "pct3ResTime" : 593.0,
    "throughput" : 166.66666666666666,
    "receivedKBytesPerSec" : 43.294270833333336,
    "sentKBytesPerSec" : 21.158854166666668
  },
  "Total" : {
    "transaction" : "Total",
    "sampleCount" : 500,
    "errorCount" : 0,
    "errorPct" : 0.0,
    "meanResTime" : 391.162,
    "medianResTime" : 458.5,
    "minResTime" : 5.0,
    "maxResTime" : 690.0,
    "pct1ResTime" : 571.9000000000001,
    "pct2ResTime" : 596.95,
    "pct3ResTime" : 659.4900000000005,
    "throughput" : 157.52993068683048,
    "receivedKBytesPerSec" : 49.874222195967235,
    "sentKBytesPerSec" : 28.98304584120983
  },
  "Створити героя " : {
    "transaction" : "Створити героя ",
    "sampleCount" : 100,
    "errorCount" : 0,
    "errorPct" : 0.0,
    "meanResTime" : 213.25999999999996,
    "medianResTime" : 206.0,
    "minResTime" : 62.0,
    "maxResTime" : 494.0,
    "pct1ResTime" : 320.70000000000005,
    "pct2ResTime" : 459.79999999999995,
    "pct3ResTime" : 493.91999999999996,
    "throughput" : 123.15270935960591,
    "receivedKBytesPerSec" : 31.630041564039406,
    "sentKBytesPerSec" : 28.382850985221673
  },
  "Видалити героя" : {
    "transaction" : "Видалити героя",
    "sampleCount" : 100,
    "errorCount" : 0,
    "errorPct" : 0.0,
    "meanResTime" : 516.5799999999999,
    "medianResTime" : 564.5,
    "minResTime" : 5.0,
    "maxResTime" : 676.0,
    "pct1ResTime" : 603.0,
    "pct2ResTime" : 605.9,
    "pct3ResTime" : 675.8799999999999,
    "throughput" : 101.41987829614604,
    "receivedKBytesPerSec" : 24.66166962474645,
    "sentKBytesPerSec" : 21.393255578093306
  },
  "Змінити героя" : {
    "transaction" : "Змінити героя",
    "sampleCount" : 100,
    "errorCount" : 0,
    "errorPct" : 0.0,
    "meanResTime" : 255.65,
    "medianResTime" : 214.5,
    "minResTime" : 131.0,
    "maxResTime" : 690.0,
    "pct1ResTime" : 567.9,
    "pct2ResTime" : 601.9499999999998,
    "pct3ResTime" : 689.91,
    "throughput" : 84.81764206955046,
    "receivedKBytesPerSec" : 21.70138888888889,
    "sentKBytesPerSec" : 19.13366730279898
  },
  "Отриати всіх героїв " : {
    "transaction" : "Отриати всіх героїв ",
    "sampleCount" : 100,
    "errorCount" : 0,
    "errorPct" : 0.0,
    "meanResTime" : 490.29,
    "medianResTime" : 493.0,
    "minResTime" : 457.0,
    "maxResTime" : 503.0,
    "pct1ResTime" : 501.0,
    "pct2ResTime" : 502.0,
    "pct3ResTime" : 503.0,
    "throughput" : 198.4126984126984,
    "receivedKBytesPerSec" : 112.57595486111111,
    "sentKBytesPerSec" : 24.995349702380953
  }
}